345	User2	TITLE 2	THIS IS A TEST	2	125
uvjlwzdztfjisbcneeaszsklperevkaz	User1	Test	test	0

tubvubocrvkxbrvexyeytugbbzpwjwbv	User1	potato	test	0

wufqvpyffsiqdmgkmcaiqitgjhiltbfy				0

rtwigoyvtoubunhbwivzjdwixblpxmvg				0

atnqtbmhcvaurcatvksmubgiivtcnfrh				0

ziamvtennnmmtmicjstqdqjnaecqswyq				0

uvjlwzdztfjisbcneeaszsklperevkaz	User1	Test	test	0

uvjlwzdztfjisbcneeaszsklperevkaz	User1	Test	test	0

uvjlwzdztfjisbcneeaszsklperevkaz	User1	Test	test	0

uvjlwzdztfjisbcneeaszsklperevkaz	User1	Test	test	0

uvjlwzdztfjisbcneeaszsklperevkaz	User1	Test	test	0

uvjlwzdztfjisbcneeaszsklperevkaz	User1	Test	test	0

uvjlwzdztfjisbcneeaszsklperevkaz	User1	Test	test	0

uvjlwzdztfjisbcneeaszsklperevkaz	User1	Test	test	0

uvjlwzdztfjisbcneeaszsklperevkaz	User1	Test	test	0

uvjlwzdztfjisbcneeaszsklperevkaz	User1	Test	test	0

uvjlwzdztfjisbcneeaszsklperevkaz	User1	Test	test	0

uvjlwzdztfjisbcneeaszsklperevkaz	User1	Test	test	0

uvjlwzdztfjisbcneeaszsklperevkaz	User1	Test	test	0

uvjlwzdztfjisbcneeaszsklperevkaz	User1	Test	test	0

uvjlwzdztfjisbcneeaszsklperevkaz	User1	Test	test	0

uvjlwzdztfjisbcneeaszsklperevkaz	User1	Test	test	0

uvjlwzdztfjisbcneeaszsklperevkaz	User1	Test	test	0

uvjlwzdztfjisbcneeaszsklperevkaz	User1	Test	test	0

uvjlwzdztfjisbcneeaszsklperevkaz	User1	Test	test	0
